Prey/Predator,Baleen whales,Toothed whales,Seals,Seabirds,Juvenile sharks,Spurdog,Large piscivorous sharks,Small sharks,Juvenile rays,Starry ray + others,Thornback & Spotted ray,Skate + cuckoo ray,"Juvenile Cod(0-2, 0-40cm)",Cod (adult),"Juvenile Whiting (0-1, 0-20cm)",Whiting (adult),"Juvenile Haddock (0-1, 0-20cm)",Haddock (adult),"Juvenile Saithe (0-3, 0-40cm)",Saithe (adult),Hake,Blue whiting,Norway pout,Other gadoids (large),Other gadoids (small),Monkfish,Gurnards,"Herring (juvenile 0, 1)",Herring (adult),Sprat,Mackerel,Horse mackerel,Sandeels,Plaice,Dab,Long-rough dab,Flounder,Sole,Lemon sole,Witch,Turbot and brill,Megrim,Halibut,Dragonets,Catfish (Wolf-fish),Large demersal fish,Small demersal fish,Miscellaneous filterfeeding pelagic fish,Squid & cuttlefish,Fish larvae,Carnivorous zooplankton,Herbivorous & Omnivorous zooplankton (copepods),Gelatinous zooplankton,Large crabs,Nephrops,Epifaunal macrobenthos (mobile grazers),Infaunal macrobenthos,Shrimp,Small mobile epifauna (swarming crustaceans),Small infauna (polychaetes),Sessile epifauna,Meiofauna,"Benthic microflora (incl. Bacteria, protozoa))","Planktonic microflora (incl. Bacteria, protozoa)",Phytoplankton,Detritus - DOM -water column,Detritus - POM - sediment,Discards
Baleen whales,0,0,0,0,0,0,0,0,0,0,0,0,0,0,0,0,0,0,0,0,0,0,0,0,0,0,0,0,0,0,0,0,0,0,0,0,0,0,0,0,0,0,0,0,0,0,0,0,0,0,0,0,0,0,0,0,0,0,0,0,0,0,0,0,0,0,0,0
Toothed whales,0,0,0,0,0,0,0,0,0,0,0,0,0,0,0,0,0,0,0,0,0,0,0,0,0,0,0,0,0,0,0,0,0,0,0,0,0,0,0,0,0,0,0,0,0,0,0,0,0,0,0,0,0,0,0,0,0,0,0,0,0,0,0,0,0,0,0,0
Seals,0,0,0,0,0,0,0,0,0,0,0,0,0,0,0,0,0,0,0,0,0,0,0,0,0,0,0,0,0,0,0,0,0,0,0,0,0,0,0,0,0,0,0,0,0,0,0,0,0,0,0,0,0,0,0,0,0,0,0,0,0,0,0,0,0,0,0,0
Seabirds,0,0,0,0,0,0,0,0,0,0,0,0,0,0,0,0,0,0,0,0,0,0,0,0,0,0,0,0,0,0,0,0,0,0,0,0,0,0,0,0,0,0,0,0,0,0,0,0,0,0,0,0,0,0,0,0,0,0,0,0,0,0,0,0,0,0,0,0
Juvenile sharks,0,0,0,0,0,0,0.06011202,0,0,0,0,0,0,0,0,0,0,0,0,0,0,0,0,0,0,0,0,0,0,0,0,0,0,0,0,0,0,0,0,0,0,0,0,0,0,0,0,0,0,0,0,0,0,0,0,0,0,0,0,0,0,0,0,0,0,0,0,0
Spurdog,0,0,0,0,0,0.019998,0.010002,0,0,0,0,0,0,9.49932E-05,0,0,0,0,0,0,0,0,0,0,0,0,0,0,0,0,0,0,0,0,0,0,0,0,0,0,0,0,0,0,0,0,0,0,0,0,0,0,0,0,0,0,0,0,0,0,0,0,0,0,0,0,0,0
Large piscivorous sharks,0,0,0,0,0,0,0,0,0,0,0,0,0,0,0,0,0,0,0,0,0,0,0,0,0,0,0,0,0,0,0,0,0,0,0,0,0,0,0,0,0,0,0,0,0,0,0,0,0,0,0,0,0,0,0,0,0,0,0,0,0,0,0,0,0,0,0,0
Small sharks,0,0,0,0,0,0,0.05011002,0,0,0,0,0,0,0,0,0,0,0,0,0,0,0,0,0,0,0,0,0,0,0,0,0,0,0,0,0,0,0,0,0,0,0,0,0,0,0,0,0,0,0,0,0,0,0,0,0,0,0,0,0,0,0,0,0,0,0,0,0
Juvenile rays,0,0,0,0,0,0,0.06011202,0,0,0.00020002,0,0,0,9.49932E-05,0,0,0,0,0,0,0,0,0,0,0,0.005901771,0.000300021,0,0,0,0,0,0,0,0,0,0,0,0,0,0,0,0,0,0,0,0,0,0,0,0,0,0,0,0,0,0,0,0,0,0,0,0,0,0,0,0,0
Starry ray + others,0,0,0,0,0,0,0,0,0,0,0,0,0,0,0,0,0,0,0,0,0,0,0,0,0,0,0,0,0,0,0,0,0,0,0,0,0,0,0,0,0,0,0,0,0,0,0,0,0,0,0,0,0,0,0,0,0,0,0,0,0,0,0,0,0,0,0,0
Thornback & Spotted ray,0,0,0,0,0,0,0,0,0,0,0,0,0,0,0,0,0,0,0,0,0,0,0,0,0,0,0,0,0,0,0,0,0,0,0,0,0,0,0,0,0,0,0,0,0,0,0,0,0,0,0,0,0,0,0,0,0,0,0,0,0,0,0,0,0,0,0,0
Skate + cuckoo ray,0,0,0,0,0,0,0,0,0,0,0,0,0,0,0,0,0,0,0,0,0,0,0,0,0,0,0,0,0,0,0,0,0,0,0,0,0,0,0,0,0,0,0,0,0,0,0,0,0,0,0,0,0,0,0,0,0,0,0,0,0,0,0,0,0,0,0,0
"Juvenile Cod(0-2, 0-40cm)",0,0.01959914,0.03000006,0.003110249,0,0,0,0,0.002,0.02690269,0,0,0.0050009,0.008499389,0.00370037,0.00189954,0,9.80068E-05,0,0,0,0,0,0.01980198,0,0.0090027,0.0261018,0,0,0,9.99969E-05,0.005099439,0,0,0,0,0,0,0,0,0.05050505,0,0,0,0,0,0,0,0.01042189,0,0,0,0,0,0,0,0,0,0,0,0,0,0,0,0,0,0,0
Cod (adult),0,0,0.06040012,0,0,0,0,0,0,0,0,0,0,0.00999928,0,0,0,0,0,0,0,0,0,0,0,0.0090027,0,0,0,0,0,0,0,0,0,0,0,0,0,0,0,0,0,0,0,0,0,0,0,0,0,0,0,0,0,0,0,0,0,0,0,0,0,0,0,0,0,0
"Juvenile Whiting (0-1, 0-20cm)",0.02389904,0.1955914,0.0489001,0.008650692,0.004759676,0.02819718,0,0.001311939,0,0.03150315,0.0178,0.0147,0.02320418,0.04669664,0.00690069,0.04875485,0,0,0.006904833,0.003999608,0.02969855,0,0,0.03970397,0.00349965,0.09152745,0.08730603,0,0,0,9.99969E-05,0.0308966,0,0,0,0.004644588,0,0,0,0,0.1194119,0,0.3007301,0,0,0,0,0,0.01042189,0,0,0,0,0,0,0,0,0,0,0,0,0,0,0,0,0,0,0
Whiting (adult),0,0.05009779,0.06540013,0,0.01899871,0.1128887,0,0.005853265,0,0.00430043,0,0,0,0.09089345,0,0.00147742,0,0,0,0.01959808,0,0,0,0,0,0.09152745,0,0,0,0,0,0,0,0,0,0,0,0,0,0,0,0,0,0,0,0,0,0,0,0,0,0,0,0,0,0,0,0,0,0,0,0,0,0,0,0,0,0
"Juvenile Haddock (0-1, 0-20cm)",0,0.02559887,0.006400012,0.01100088,0,0.00579942,0,0,0,0.0130013,0.0032,0.0055,0.02410434,0.02039853,0.00880088,0.01466867,0,0.01070074,0.002401681,0.01569846,0,0,0,0.00340034,0,0.05151545,0.006800469,0,0,0,0,0.02059774,0,0,0,0,0,0,0,0,0,0,0.2418242,0,0,0,0,0,0.01042189,0,0,0,0,0,0,0,0,0,0,0,0,0,0,0,0,0,0,0
Haddock (adult),0,0.002899872,0.01120002,0,0,0.00579942,0,0,0,0,0,0,0,0.01929861,0,0,0,0,0,0.001999804,0,0,0,0,0,0.05151545,0,0,0,0,0,0,0,0,0,0,0,0,0,0,0,0,0,0,0,0,0,0,0,0,0,0,0,0,0,0,0,0,0,0,0,0,0,0,0,0,0,0
"Juvenile Saithe (0-3, 0-40cm)",0,0.04369808,0.003100006,0,0,0,0,0,0,0,0,0,0,0,0,0.00021106,0,0,0,0,0,0,0,0,0,0.00290087,0.000100007,0,0,0,0,0.001039886,0,0,0,0,0,0,0,0,0,0,0,0,0,0,0,0,0.01042189,0,0,0,0,0,0,0,0,0,0,0,0,0,0,0,0,0,0,0
Saithe (adult),0,0.009899564,0.02970006,0,0,0,0,0,0,0,0,0,0,0,0,0,0,0,0,0,0,0,0,0.01960196,0,0,0,0,0,0,0,0,0,0,0,0,0,0,0,0,0,0,0,0,0,0,0,0,0,0,0,0,0,0,0,0,0,0,0,0,0,0,0,0,0,0,0,0
Hake,0,0.004399806,0,0,0,0,0,0,0,0,0,0.0008,0,0,0,0,0,0,0,0,0.006999657,0,0,0,0,0.005901771,0,0,0,0,0,0,0,0,0,0,0,0,0,0,0,0,0,0,0,0,0,0,0,0,0,0,0,0,0,0,0,0,0,0,0,0,0,0,0,0,0,0
Blue whiting,0,0.001999912,0,0,0.003469764,0.02039796,0,0.07387224,0,0,0,0.0015,0,0.01879865,0,0,0,0,0,0.03399667,0.3089848,0,0,0.02980298,0,0,0.000100007,0,0,0,0.000500984,0.01529832,0,0,0,0,0,0,0,0,0,0.05409459,0,0,0,0.00829917,0,0,0.01032168,0,0,0,0,0,0,0,0,0,0,0,0,0,0,0,0,0,0,0
Norway pout,0.00523979,0.1759923,0,0,0.07239509,0.09399059,0.10022,0.02109194,0.0106,0.1057106,0.0013,0.0467,0.1208218,0.06739515,0.1347135,0.182989,0.01020104,0.08860611,0.2366657,0.3217685,0.102995,0.094,0,0.08010801,0.00039996,0.103231,0.06490448,0,0,0,0.009309711,0.2038776,0,0,0,0.005351373,0.0440044,0,0,0,0.10011,0.239576,0.10021,0,0,0,0,0,0.01032168,0,0,0,0,0,0,0,0,0,0,0,0,0,0,0,0,0,0,0
Other gadoids (large),0,0.0113995,0.06610014,0,0,0,0,0,0,0,0,0,0,0,0,0,0,0.003800262,0,0,0,0,0,0.0190019,0,0,0,0,0,0,0,0,0,0,0,0,0,0,0,0,0,0,0,0,0,0,0,0,0,0,0,0,0,0,0,0,0,0,0,0,0,0,0,0,0,0,0,0
Other gadoids (small),0,0.03719836,0.02640005,0.002300184,0.002579825,0.1251875,0.009701941,0.01029367,0.015,0.04480448,0.031,0.057,0.03520634,0.02069851,0.01290129,0.01846775,0.001200122,0.003700255,0.0207145,0.03619646,0.04649772,0,0,0.01050105,0.01679832,0,0.06860474,0,0,0,0.01129965,0.03099659,0,0,0,0.02645396,0,0,0,0,0.02980298,0.2271773,0.01490149,0,0,0.02579742,0,0,0,0,0,0,0,0,0,0,0,0,0,0,0,0,0,0,0,0,0,0
Monkfish,0,0,0.00990002,0,0,0,0,0,0,0,0,0.0008,0,0,0,0,0,0,0,0,0,0,0,0,0,0.00290087,0,0,0,0,0,0,0,0,0,0,0,0,0,0,0,0,0,0,0,0,0,0,0,0,0,0,0,0,0,0,0,0,0,0,0,0,0,0,0,0,0,0
Gurnards,0,0,0,0,0,0,0.04830967,0.000403673,0,0.00040004,0,0.0024,0.00200036,0.005899576,0,0.00031659,9.90101E-05,0,0,0.000299971,0.002779864,0,0,0,0,0,0.000100007,0,0,0,0,0.004479507,0,0,0,0,0,0,0,0,0,0.00619938,0,0,0,0,0.01009899,0,0,0,0,0,0,0,0,0,0,0,0,0,0,0,0,0,0,0,0,0
"Herring (juvenile 0, 1)",0.01079957,0.01049954,9.80002E-05,0.02030163,0.006349568,0.02019798,0.01120224,0,0,0.00320032,0.0368,0.1393,0.003700666,0.02409826,0.00330033,0.05213181,0,0.01540106,0.00020014,0.04679541,0.02639871,0,0,0.2578258,0,0.0930279,0.00130009,0,0,0,0.01129965,0.04339523,0,0.00250025,0,0,0,0,0,0,0.01490149,0,0,0,0,0,0.00039996,0,0.01042189,0,0,0,0,0,0,0,0,0,0,0,0,0,0,0,0,0,0,0
Herring (adult),0,0.002599886,0.005800012,0.01490119,0.06199578,0.1779822,0.1007201,0.005449591,0,0.0080008,0,0,0.00200036,0.05629595,0,0,0,0,0,0.1899814,0,0,0,0.1130113,0,0.0930279,0,0,0,0,0,0,0,0,0,0,0,0,0,0,0,0,0,0,0,0,0,0,0,0,0,0,0,0,0,0,0,0,0,0,0,0,0,0,0,0,0,0
Sprat,0.0100996,0.08209638,0.002700006,0.0338027,0.02289844,0.03879612,0,0.01382582,0.0001,0.00020002,0.0182,0,0.01010182,0.01329904,0.01420142,0.156501,0,0.001000069,0.1143801,0.05669444,0.102995,0.0102,0,0,0.00389961,0.00290087,0.01420098,0,0,0,0.05979814,0.00563938,0,0,0,0,0,0,0,0,0.150015,0.3376662,0.05010501,0,0,0.00049995,0.00129987,0,0.01042189,0,0,0,0,0,0,0,0,0,0,0,0,0,0,0,0,0,0,0
Mackerel,0.09379625,0.01539932,0,0.01490119,0.01359908,0.07779222,0.1526305,0.004743163,0,0,0,0,0,0.01239911,0,0,0,0,0,0.003799628,0.1642919,0,0,0,0,0.05311593,0.000700048,0,0,0,0,0,0,0,0,0,0,0,0,0,0,0,0,0,0,0,0,0,0,0,0,0,0,0,0,0,0,0,0,0,0,0,0,0,0,0,0,0
Horse mackerel,0,0.009699574,0.01180002,0.00676054,0,0.01839816,0,0,0,0,0,0,0.000800144,0.002799798,0.00160016,0.009919818,0,0,0,0,0.1794912,0,0,0,0,0,0.001200083,0,0,0,0.006209807,0,0,0,0,0,0,0,0,0,0,0,0,0,0,0.00609939,0,0,0.01042189,0,0,0,0,0,0,0,0,0,0,0,0,0,0,0,0,0,0,0
Sandeels,0.6546738,0.2147906,0.2858006,0.2218177,0.01429903,0.03669633,0,0.01110102,0.3959,0.4718472,0.0344,0.333,0.1359245,0.04909647,0.3034303,0.323766,0.1285131,0.2883199,0.009406584,0.02009803,0,0,0,0.2767277,0.0009999,0.1328399,0.4116284,0,0,0,0.2625919,0.03859575,0,0.00750075,0,0.02322294,0,0,0,0,0.1592159,0.01839816,0.2005201,0,0,0.000059994,0.3284672,0,0.04138691,0,0,0,0,0,0,0,0,0,0,0,0,0,0,0,0,0,0,0
Plaice,0,0,0.05840012,0,0,0.04509549,0.0610122,0.002018367,0,0,0.0087,0,2.00036E-05,0.01759873,0,0,0,3.70026E-05,0,0,0,0,0,0,0,0.00290087,3.10021E-05,0,0,0,0,0,0,0,0,0,0,0,0,0,0,0,0,0,0,0,0,0,0.005210943,0,0,0,0,0,0,0,0,0,0,0,0,0,0,0,0,0,0,0
Dab,0,0,0.0469001,0,0.006649548,0.00649935,0.0610122,0.005853265,0.0029,0.02650265,0,0.0025,0.006101098,0.1698878,0.00030003,0.000135078,0,0.000200014,0,0.000599941,0,0,0,0,0.0049995,0.02360708,0.008600594,0,0,0,0,0,0,0,0,0.03766155,0.06060606,0,0,0,0.06050605,0,0,0,0,0.00019998,0.03709629,0,0.005210943,0,0,0,0,0,0,0,0,0,0,0,0,0,0,0,0,0,0,0
Long-rough dab,0,5.19977E-05,0.01010002,0,0,0,0,0.002119285,0.0012,0.01860186,0,0.0016,0.02160389,0.05129631,0.00420042,0.00598355,0.0206021,0.003200221,0,0.000399961,0,0,0,0.01220122,0,0.0353106,0.01510104,0,0,0,0,0,0,0,0,0,0.0440044,0,0,0,0,0,0,0,0,0,0,0,0.005210943,0,0,0,0,0,0,0,0,0,0,0,0,0,0,0,0,0,0,0
Flounder,0,0,0.01080002,0,0,0,0,0,0,0,0,0,0,0.003299762,0,0,0,0,0,0,0,0,0,0,0,0,0,0,0,0,0,0,0,0,0,0,0,0,0,0,0,0,0,0,0,0,0,0,0.005210943,0,0,0,0,0,0,0,0,0,0,0,0,0,0,0,0,0,0,0
Sole,0,0,0.03480007,0,0,0,0,0.002018367,0,0.00120012,0.0043,0.0238,0.003600648,0.01719876,0.00180018,0.002954839,0.000300031,0.000200014,0,0,0,0,0,0,0,0,0,0,0,0,0,0,0,0.00250025,0,0,0,0,0,0,0,0,0,0,0,0,0.00049995,0,0.005210943,0,0,0,0,0,0,0,0,0,0,0,0,0,0,0,0,0,0,0
Lemon sole,0,0,0.02280005,0,0,0,0,0,0,0,0,0,0,0,0,0,0,0,0,0,0,0,0,0,0,0.008802641,0,0,0,0,0,0,0,0,0,0,0.0440044,0,0,0,0,0,0,0,0,0,0,0,0.005210943,0,0,0,0,0,0,0,0,0,0,0,0,0,0,0,0,0,0,0
Witch,0,0,0.02370005,0,0,0.00649935,0,0,0,0.00010001,0,0.0008,0.000100018,0.001099921,0,0,0,9.80068E-05,0,0,0,0,0,0,0,0.00290087,0.000100007,0,0,0,0,0,0,0,0,0,0,0,0,0,0,0,0,0,0,0,0,0,0.005210943,0,0,0,0,0,0,0,0,0,0,0,0,0,0,0,0,0,0,0
Turbot and brill,0,0,0.01010002,0,0,0,0,0,0,0,0,0,0,0,0,0,0,0,0,0,0,0,0,0,0,0,0,0,0,0,0,0,0,0,0,0,0,0,0,0,0,0,0,0,0,0,0,0,0,0,0,0,0,0,0,0,0,0,0,0,0,0,0,0,0,0,0,0
Megrim,0,0,0.01040002,0,0,0,0,0,0,0,0,0,0,0,0,0,0,0,0,0,0,0,0,0,0,0.00290087,0,0,0,0,0,0,0,0,0,0,0,0,0,0,0,0,0,0,0,0,0,0,0,0,0,0,0,0,0,0,0,0,0,0,0,0,0,0,0,0,0,0
Halibut,0,0,0,0,0,0,0,0,0,0.00020002,0,0,0,0,0,0,0,0,0,0,0,0,0,0,0,0,0,0,0,0,0,0,0,0,0,0,0,0,0,0,0,0,0,0,0,0,0,0,0,0,0,0,0,0,0,0,0,0,0,0,0,0,0,0,0,0,0,0
Dragonets,0,9.1996E-05,0.01010002,0,0.000991933,0.02559744,0.05371074,0.01655061,0,0.00530053,0,0.0687,0.0050009,0.01399899,0,0.00042212,9.90101E-05,0.000500035,0,0,0,0,0,0,0.0049995,0.00290087,0.02140148,0,0,0,0,0,0,0,0,0,0,0,0,0,0.06270627,0.03069693,0,0,0,0.00049995,0.00529947,0,0,0,0,0,0,0,0,0,0,0,0,0,0,0,0,0,0,0,0,0
Catfish (Wolf-fish),0,0,0,0,0,0,0,0,0,0,0,0,0,0,0,0,0,0,0,0,0,0,0,0,0,0,0,0,0,0,0,0,0,0,0,0,0,0,0,0,0,0,0,0,0,0,0,0,0,0,0,0,0,0,0,0,0,0,0,0,0,0,0,0,0,0,0,0
Large demersal fish,0,0,0,0,0,0,0,0,0,0.00020002,0,0.0015,0,9.39932E-05,0,0.00042212,0,9.80068E-05,0,9.89903E-05,0,0,0,0,0,0,0,0,0,0,0,0,0,0,0,0,0,0,0,0,0,0,0,0,0,0.00149985,0,0,0,0,0,0,0,0,0,0,0,0,0,0,0,0,0,0,0,0,0,0
Small demersal fish,0,0.000199991,0.09820019,0,0.009919326,0.01009899,0.01070214,0.002522959,0.0009,0.0090009,0.0659,0.0107,0.04290772,0.01449896,0.02740274,0.01245254,0.002100214,0.001200083,0,9.89903E-05,0.01589922,0,0,0.00510051,0.01379862,0.03240972,0.01720119,0,0,0,0.000199994,0.006149324,0,0,0,0.03735864,0.01010101,0.0128,0.00680068,0.0082,0.09950995,0.00619938,0,0,0,0.06579342,0.03649635,0,0.005210943,0,0,0,0,0,0,0,0,0,0,0,0,0,0,0,0,0,0,0
Miscellaneous filterfeeding pelagic fish,0.02519899,0,0,0,0.00366975,0,0,0.004137652,0,0,0,0,0.000100018,0,0.00050005,0.002849309,0,0.000300021,0.01050735,0.01029899,0.01049949,0.0102,0,0,0,0.00290087,0.000200014,0,0,0,0.000199994,0,0,0,0,0,0,0,0,0,0,0.02449755,0,0,0,0.00559944,0,0.05310213,0.02064335,0,0,0,0,0,0,0,0,0,0,0,0,0,0,0,0,0,0,0
Squid & cuttlefish,0.02519899,0.08619621,0,0,0.01219917,0.0219978,0.2031406,0.02603694,0.0005,0.00160016,0.0047,0.0079,0.004300775,0.002199842,0.02090209,0.007492628,0.01310134,0.002400166,0.006404483,0.002399765,0.001129945,0,0,0.03680368,0.00079992,0.07082125,0.01500104,0,0,0,0.01679948,0,0,0,0,0.003029079,0,0,0,0,0,0,0.04020402,0,0,0.000039996,0.02549745,0.005560223,0.05170859,0,0,0,0.0498,0,0,0,0,0,0,0,0,0,0,0,0,0,0,0
Fish larvae,0,0,0,0,0,0,0,0,0,0,0,0,0,0,0,0,0,0,0,0,0,0,0,0,0,0,0,0,0,0,0,0.108688,0,0,0,0,0,0,0,0,0,0,0,0,0,0,0,0,0.01002104,0,0.02450245,0,0.224,0,0,0,0,0,0,0,0,0,0,0,0,0,0,0
Carnivorous zooplankton,0.05039798,0,0,0.04730378,0.01969866,0.00529947,0,0.00121102,0.0082,0.00020002,0.0015,0.0034,0.0050009,0.000899935,0.10031,0.04527236,0.1003102,0.05790399,0.3341339,0.1241878,0,0.6051,0.2857143,0.0080008,0.10019,0,0.009600664,0.2732558,0.3092784,0,0.1697947,0.3984562,0.06310114,0,0,0,0.05160516,0,0,0,0,0,0,0,0.0153,0.6774322,0.00019998,0.148906,0.2119451,0,0.05090509,0,0.1989,0,0,0,0,0.05,0,0,0,0,0,0,0,0,0,0
Herbivorous & Omnivorous zooplankton (copepods),0,0,0,0.08790703,0,0,0,0,0,0,0,0,0.07071272,0,0.07030703,0,0.05020512,0,0.2304613,0.1034899,0,0.1311,0.4761905,0.01440144,0.2992701,0,0,0.6748338,0.6701031,0.8,0.1132965,0,0.610411,0,0.0125,0,0,0,0,0,0,0.00279972,0,0.0045,0,0.07649235,0.0910909,0.6949278,0.2805892,0.8,0.7222722,0,0.1989,0,0,0,0,0.09999999,0,0,0,0,0,0,0,0,0,0
Gelatinous zooplankton,0.100696,0,0,0,0.02659819,0.03569643,0,0,0,0,0,0,0,9.39932E-05,0,0,0,0,0,0,0,0,0,0,0,0,0,0,0,0,0,0,0,0.00340034,0,0,0.07130713,0,0,0,0,0,0,0,0,0.00079992,0,0.03320133,0,0,0,0,0,0,0,0,0,0,0,0,0,0,0,0,0,0,0,0
Large crabs,0,0,0,0,0.02779811,0.01329867,0,0.1141387,0.096,0.06150615,0.3623,0.05449999,0.2239403,0.09379325,0.020002,0.01414102,0.004100418,0.01970136,0,0,0.00020599,0,0,0.00830083,0.01629837,0,0.06150425,0,0,0,0,0,0,0.01590159,0.01,0.0424071,0.04890489,0,0,0,0,0.02769723,0.04910491,0.008,0.051,0,0.04949505,0,0,0,0,0,0,0.001,0,0,0,0,0,0,0,0,0,0,0,0,0,0
Nephrops,0,0,0,0,0.007339501,0.01019898,0,0.01877081,0,0,0,0.0015,0.01330239,0.0471966,0,0.00052765,0.00020002,0.04910339,0,0,0,0,0,0,0.06749325,0.005901771,0.000700048,0,0,0,0,0.03059664,0,0,0,0.01383279,0.1220122,0,0,0,0,0,0,0,0,0,0,0,0,0,0,0,0,0.0197,0,0,0,0,0,0,0,0,0,0,0,0,0,0
Epifaunal macrobenthos (mobile grazers),0,0,0,0,0.3304775,0.008899109,0.00730146,0.3027551,0.0657,0.04480448,0.1947,0.0183,0.07581365,0.06609524,0.10031,0.02131706,0.1130115,0.1965135,0.00020014,0.00019998,0.00102995,0.0483,0,0,0.09979001,0.008802641,0.009100628,0,0,0,0.00450986,0,0.000762014,0.1030103,0.2582,0.2096123,0.2240224,0.0128,0.04110411,0.2473,0.05970597,0.00279972,0.00180018,0.0925,0.7829,0.01269873,0.1338866,0.02660106,0,0,0,0,0,0.2867,0,0.05,0,0,0,0,0,0,0,0,0,0,0,0
Infaunal macrobenthos,0,0,0,0,0.05909598,0.00789921,0,0.181653,0.0032,0.00190019,0.0019,0.0006,0.06701206,0.02379829,0.08020803,0.03535255,0.2510256,0.1474102,0.007205043,0,0,0,0.1904762,0,0.169583,0,0.00260018,0,0,0,9.99969E-05,0.01279859,0.005620101,0.1714171,0.2397,0.2710016,0.07130713,0.1154,0.09930994,0.0349,0.04970497,0,0,0.1375,0.1131,0.02549745,0.06019398,0,0,0,0,0,0,0.2929,0.25,0.2,0,0,0,0,0,0,0,0,0,0,0,0
Shrimp,0,0,0,0,0.07729474,0.01929807,0,0.03703703,0.0526,0.01030103,0.1104,0.0841,0.0505091,0.00819941,0.03010301,0.02511614,0.03950403,0.008600593,0.005203642,0.001199882,0.000102995,0.1009,0,0.03080308,0.0009999,0,0.02720188,0,0,0,0.000199994,0,0,0.01490149,0.001,0.04038772,0.00660066,0,0,0,0.04390439,0.02079792,0.00060006,0.0805,0.0367,0.06169383,0.02009799,0.01440058,0.0201423,0,0,0,0.0498,0.001,0,0,0,0.01,0,0,0,0,0,0,0,0,0,0
Small mobile epifauna (swarming crustaceans),0,0,0,0,0.06839535,0,0,0.04127561,0.2394,0.07770777,0.0914,0.0736,0.02340421,0.001299906,0.02140214,0.002743779,0.04070415,0.009200634,0.01410988,0.005699442,0,0,0.04761905,0.00620062,0.02749725,0,0.1279088,0.0519103,0.02061856,0,0.03169902,0,0.01550028,0.1927193,0.3288,0.003331987,0.1526153,0,0,0,0,0.00139986,0,0.2205,0,0.00389961,0.1313869,0.01220049,0.1559274,0,0.1005101,0,0.0796,0.0197,0.15,0.05,0.04,0.05,0.09999999,0,0,0,0,0,0,0,0,0
Small infauna (polychaetes),0,0,0,0,0.1194919,0.00149985,0,0.07518417,0.1016,0.03080308,0.0115,0.0448,0.02270409,0.000599957,0.03270327,0.01150277,0.2193224,0.08330575,0.001100771,0.000399961,0,0.0002,0,0.00870087,0.1686831,0,0.000400028,0,0,0,0.1190963,0,0.1875034,0.4687469,0.1379,0.2817044,0,0.4231,0.6575658,0.6852,0,0,0,0.439,0.001,0.02119788,0.03929607,0.01110044,0.02064335,0,0,0,0,0.1035,0.2,0.25,0.11,0.09999999,0,0.05,0,0,0,0,0,0,0,0
Sessile epifauna,0,0,0,0,0.00853942,0,0,0.008678978,0,0,0,0,0.00100018,9.39932E-05,0,0.00021106,0.00520053,0.007100489,0,0,0,0,0,0,0,0,0,0,0,0,0.002599919,0,0,0.0140014,0.011,0,0.04890489,0,0.1952195,0.0244,0,0,0,0,0,0.00509949,0,0,0,0,0,0,0,0.0491,0.1,0,0,0,0,0,0,0,0,0,0,0,0,0
Meiofauna,0,0,0,0,0.000495966,0,0,0.01009183,0.0042,0,0,0,0,0,0,0,0.00020002,0.00130009,0,0,0,0,0,0,0,0,0,0,0,0,0,0,0.04780086,0.00340034,0.0009,0,0,0.4359,0,0,0,0,0,0.0175,0,0.00079992,0.02919708,0,0,0,0,0,0,0,0,0,0.05,0.09999999,0.15,0.15,0,0.05,0,0,0,0,0,0
"Benthic microflora (incl. Bacteria, protozoa))",0,0,0,0,0,0,0,0,0,0,0,0,0,0,0,0,0,0,0,0,0,0,0,0,0,0,0,0,0,0,0,0,0,0,0,0,0,0,0,0,0,0,0,0,0,0,0,0,0,0,0,0,0,0.0491,0.1,0.1,0.3,0.15,0.2,0.4,0,0.75,0.1,0.02,0,0,0,0
"Planktonic microflora (incl. Bacteria, protozoa)",0,0,0,0,0,0,0,0,0,0,0,0,0,0,0,0,0,0,0,0,0,0,0,0,0,0,0,0,0,0.1,0.1802944,0.04339523,0.04760086,0,0,0,0,0,0,0,0,0,0,0,0,0,0,0,0,0,0.1018102,0.05,0.0995,0.0491,0.05,0.1,0.1,0.12,0.15,0.05,0.7,0,0.1,0.1,0,0,0,0
Phytoplankton,0,0,0,0,0,0,0,0,0,0,0,0,0,0,0,0,0,0,0,0,0,0,0,0,0,0,0,0,0,0.1,0,0,0.02170039,0,0,0,0,0,0,0,0,0,0,0,0,0,0,0,0.05170859,0.2,0,0.9,0.0995,0,0.1,0.05,0,0,0,0,0.1,0,0,0,0,0,0,0
Detritus - DOM -water column,0,0,0,0,0,0,0,0,0,0,0,0,0,0,0,0,0,0,0,0,0,0,0,0,0,0,0,0,0,0,0,0,0,0,0,0,0,0,0,0,0,0,0,0,0,0,0,0,0,0,0,0.05,0,0,0.03,0.05,0.1,0.09999999,0.09999999,0.15,0,0,0.2,0.65,0,0,0,0
Detritus - POM - sediment,0,0,0,0,0,0,0,0,0,0,0,0,0,0,0,0,0,0,0,0,0,0,0,0,0,0,0,0,0,0,0,0,0,0,0,0,0,0,0,0,0,0,0,0,0,0,0,0,0,0,0,0,0,0,0.02,0.15,0.3,0.17,0.3,0.2,0.2,0.2,0.6,0.23,0,0,0,0
Discards,0,0,0,0.2029162,0,0,0,0,0,0,0,0,0,0,0,0,0,0,0,0,0,0,0,0,0,0,0,0,0,0,0,0,0,0,0,0,0,0,0,0,0,0,0,0,0,0,0,0,0,0,0,0,0,0.1282,0,0,0,0.05,0,0,0,0,0,0,0,0,0,0
